[{"model": "contenttypes.contenttype", "pk": 1, "fields": {"app_label": "admin", "model": "logentry"}}, {"model": "contenttypes.contenttype", "pk": 2, "fields": {"app_label": "auth", "model": "permission"}}, {"model": "contenttypes.contenttype", "pk": 3, "fields": {"app_label": "auth", "model": "group"}}, {"model": "contenttypes.contenttype", "pk": 4, "fields": {"app_label": "auth", "model": "user"}}, {"model": "contenttypes.contenttype", "pk": 5, "fields": {"app_label": "contenttypes", "model": "contenttype"}}, {"model": "contenttypes.contenttype", "pk": 6, "fields": {"app_label": "sessions", "model": "session"}}, {"model": "contenttypes.contenttype", "pk": 7, "fields": {"app_label": "tickets", "model": "category"}}, {"model": "contenttypes.contenttype", "pk": 8, "fields": {"app_label": "tickets", "model": "ticket"}}, {"model": "contenttypes.contenttype", "pk": 9, "fields": {"app_label": "tickets", "model": "addedticket"}}, {"model": "contenttypes.contenttype", "pk": 10, "fields": {"app_label": "tickets", "model": "added"}}, {"model": "contenttypes.contenttype", "pk": 11, "fields": {"app_label": "jet", "model": "bookmark"}}, {"model": "contenttypes.contenttype", "pk": 12, "fields": {"app_label": "jet", "model": "pinnedapplication"}}, {"model": "contenttypes.contenttype", "pk": 13, "fields": {"app_label": "dashboard", "model": "userdashboardmodule"}}, {"model": "contenttypes.contenttype", "pk": 14, "fields": {"app_label": "sites", "model": "site"}}, {"model": "contenttypes.contenttype", "pk": 15, "fields": {"app_label": "account", "model": "emailaddress"}}, {"model": "contenttypes.contenttype", "pk": 16, "fields": {"app_label": "account", "model": "emailconfirmation"}}, {"model": "contenttypes.contenttype", "pk": 17, "fields": {"app_label": "socialaccount", "model": "socialaccount"}}, {"model": "contenttypes.contenttype", "pk": 18, "fields": {"app_label": "socialaccount", "model": "socialapp"}}, {"model": "contenttypes.contenttype", "pk": 19, "fields": {"app_label": "socialaccount", "model": "socialtoken"}}, {"model": "sessions.session", "pk": "2lpxsaefv9nj8u10os6pe1blfm22zpk8", "fields": {"session_data": "YzY0YWE0MGU3ZGFlOGU1ZWNmMmU0NmQzMjI1MTk3MzVkMmU4M2U0Yzp7Il9hdXRoX3VzZXJfaWQiOiIxIiwiX2F1dGhfdXNlcl9iYWNrZW5kIjoiZGphbmdvLmNvbnRyaWIuYXV0aC5iYWNrZW5kcy5Nb2RlbEJhY2tlbmQiLCJfYXV0aF91c2VyX2hhc2giOiIzNGVmZjkxYWY2MDdiODYwNGE3YzYyMDY2YjUzODIyNTU3Yzc5MjA3In0=", "expire_date": "2019-08-13T10:38:49.494Z"}}, {"model": "sessions.session", "pk": "7w61chqhy8byyomb2uqr2v3t0czv6itr", "fields": {"session_data": "YzY0YWE0MGU3ZGFlOGU1ZWNmMmU0NmQzMjI1MTk3MzVkMmU4M2U0Yzp7Il9hdXRoX3VzZXJfaWQiOiIxIiwiX2F1dGhfdXNlcl9iYWNrZW5kIjoiZGphbmdvLmNvbnRyaWIuYXV0aC5iYWNrZW5kcy5Nb2RlbEJhY2tlbmQiLCJfYXV0aF91c2VyX2hhc2giOiIzNGVmZjkxYWY2MDdiODYwNGE3YzYyMDY2YjUzODIyNTU3Yzc5MjA3In0=", "expire_date": "2019-08-03T10:50:17.836Z"}}, {"model": "sessions.session", "pk": "9kwldq5qtki3rx7gyqyf9pfn8kf2f9lf", "fields": {"session_data": "YzY0YWE0MGU3ZGFlOGU1ZWNmMmU0NmQzMjI1MTk3MzVkMmU4M2U0Yzp7Il9hdXRoX3VzZXJfaWQiOiIxIiwiX2F1dGhfdXNlcl9iYWNrZW5kIjoiZGphbmdvLmNvbnRyaWIuYXV0aC5iYWNrZW5kcy5Nb2RlbEJhY2tlbmQiLCJfYXV0aF91c2VyX2hhc2giOiIzNGVmZjkxYWY2MDdiODYwNGE3YzYyMDY2YjUzODIyNTU3Yzc5MjA3In0=", "expire_date": "2019-07-31T11:12:41.048Z"}}, {"model": "sessions.session", "pk": "axc5jbpe6508x9pd4bcqq1ayr9pqjz1d", "fields": {"session_data": "ZTIxYTg2NDAxZTViZjM4YjJhNmQwYjE0MGNiNzhhMmJhNDk4NjBlNzp7Il9hdXRoX3VzZXJfaWQiOiIyIiwiX2F1dGhfdXNlcl9iYWNrZW5kIjoiYWxsYXV0aC5hY2NvdW50LmF1dGhfYmFja2VuZHMuQXV0aGVudGljYXRpb25CYWNrZW5kIiwiX2F1dGhfdXNlcl9oYXNoIjoiODkyZDQ4OTZiNGUwMDdkZjE3OWVkNjExZDJhMDM5NDg4NTZiNWFlOCJ9", "expire_date": "2019-08-22T15:05:57.062Z"}}, {"model": "sessions.session", "pk": "gdciy57zkr3cfsxde8vulfvzhpt0ui8f", "fields": {"session_data": "YzY0YWE0MGU3ZGFlOGU1ZWNmMmU0NmQzMjI1MTk3MzVkMmU4M2U0Yzp7Il9hdXRoX3VzZXJfaWQiOiIxIiwiX2F1dGhfdXNlcl9iYWNrZW5kIjoiZGphbmdvLmNvbnRyaWIuYXV0aC5iYWNrZW5kcy5Nb2RlbEJhY2tlbmQiLCJfYXV0aF91c2VyX2hhc2giOiIzNGVmZjkxYWY2MDdiODYwNGE3YzYyMDY2YjUzODIyNTU3Yzc5MjA3In0=", "expire_date": "2019-08-20T09:36:55.085Z"}}, {"model": "sessions.session", "pk": "m1a322t06n6cdadqjlbs4u2krqsmk8gj", "fields": {"session_data": "YzY0YWE0MGU3ZGFlOGU1ZWNmMmU0NmQzMjI1MTk3MzVkMmU4M2U0Yzp7Il9hdXRoX3VzZXJfaWQiOiIxIiwiX2F1dGhfdXNlcl9iYWNrZW5kIjoiZGphbmdvLmNvbnRyaWIuYXV0aC5iYWNrZW5kcy5Nb2RlbEJhY2tlbmQiLCJfYXV0aF91c2VyX2hhc2giOiIzNGVmZjkxYWY2MDdiODYwNGE3YzYyMDY2YjUzODIyNTU3Yzc5MjA3In0=", "expire_date": "2019-08-01T11:58:26.595Z"}}, {"model": "sessions.session", "pk": "rhtb6z5q9qj0t3l9qdrjib8gzcmtlj6q", "fields": {"session_data": "ZGY4ODAwNmUwYmJlODQ1YmM1ZmRlYjhlMzc2YzBmY2IzZmJlNTY3Yzp7Il9hdXRoX3VzZXJfaWQiOiIzIiwiX2F1dGhfdXNlcl9iYWNrZW5kIjoiZGphbmdvLmNvbnRyaWIuYXV0aC5iYWNrZW5kcy5Nb2RlbEJhY2tlbmQiLCJfYXV0aF91c2VyX2hhc2giOiIyZTcwN2UzZGZjYzQzYWVhNTY3ZjhlZDJhNzQ2NzY3MGI0YzYwOWNjIn0=", "expire_date": "2019-08-10T13:42:07.854Z"}}, {"model": "sessions.session", "pk": "ztym3f0m9oypzvr3b9z2xr3i72x8f83v", "fields": {"session_data": "YzY0YWE0MGU3ZGFlOGU1ZWNmMmU0NmQzMjI1MTk3MzVkMmU4M2U0Yzp7Il9hdXRoX3VzZXJfaWQiOiIxIiwiX2F1dGhfdXNlcl9iYWNrZW5kIjoiZGphbmdvLmNvbnRyaWIuYXV0aC5iYWNrZW5kcy5Nb2RlbEJhY2tlbmQiLCJfYXV0aF91c2VyX2hhc2giOiIzNGVmZjkxYWY2MDdiODYwNGE3YzYyMDY2YjUzODIyNTU3Yzc5MjA3In0=", "expire_date": "2019-08-13T10:38:48.230Z"}}, {"model": "tickets.category", "pk": 1, "fields": {"name": "Concert", "slug": "concert"}}, {"model": "tickets.category", "pk": 2, "fields": {"name": "Cinema", "slug": "cinema"}}, {"model": "tickets.category", "pk": 3, "fields": {"name": "Sport", "slug": "sport"}}, {"model": "tickets.category", "pk": 4, "fields": {"name": "Expo", "slug": "expo"}}, {"model": "tickets.category", "pk": 5, "fields": {"name": "Meeting", "slug": "meeting"}}, {"model": "tickets.category", "pk": 6, "fields": {"name": "Others", "slug": "others"}}, {"model": "tickets.category", "pk": 7, "fields": {"name": "Festival", "slug": "festival"}}, {"model": "sites.site", "pk": 1, "fields": {"domain": "example.com", "name": "example.com"}}, {"model": "socialaccount.socialapp", "pk": 1, "fields": {"provider": "google", "name": "Google Api", "client_id": "122472763565-4cs6rfjr3bl9vqj247c81sabqg549k0f.apps.googleusercontent.com", "secret": "PJ8DWDyf-75hc24sQEpEkuFw", "key": "", "sites": [1]}}, {"model": "socialaccount.socialtoken", "pk": 1, "fields": {"app": 1, "account": 1, "token": "ya29.GlteBxy4tShOHm2zH2a3lmo7Gh6oJssEeOXclY6JedvUH5jZOnh1nTasXrOIufNagSDX5ru6NUwTBpUVmvIsi5PsJS_4jzfyYc905J7xssmZUkCq_k5ysSQSXHZx", "token_secret": "", "expires_at": "2019-08-08T16:05:54.687Z"}}, {"model": "auth.permission", "pk": 1, "fields": {"name": "Can add log entry", "content_type": 1, "codename": "add_logentry"}}, {"model": "auth.permission", "pk": 2, "fields": {"name": "Can change log entry", "content_type": 1, "codename": "change_logentry"}}, {"model": "auth.permission", "pk": 3, "fields": {"name": "Can delete log entry", "content_type": 1, "codename": "delete_logentry"}}, {"model": "auth.permission", "pk": 4, "fields": {"name": "Can view log entry", "content_type": 1, "codename": "view_logentry"}}, {"model": "auth.permission", "pk": 5, "fields": {"name": "Can add permission", "content_type": 2, "codename": "add_permission"}}, {"model": "auth.permission", "pk": 6, "fields": {"name": "Can change permission", "content_type": 2, "codename": "change_permission"}}, {"model": "auth.permission", "pk": 7, "fields": {"name": "Can delete permission", "content_type": 2, "codename": "delete_permission"}}, {"model": "auth.permission", "pk": 8, "fields": {"name": "Can view permission", "content_type": 2, "codename": "view_permission"}}, {"model": "auth.permission", "pk": 9, "fields": {"name": "Can add group", "content_type": 3, "codename": "add_group"}}, {"model": "auth.permission", "pk": 10, "fields": {"name": "Can change group", "content_type": 3, "codename": "change_group"}}, {"model": "auth.permission", "pk": 11, "fields": {"name": "Can delete group", "content_type": 3, "codename": "delete_group"}}, {"model": "auth.permission", "pk": 12, "fields": {"name": "Can view group", "content_type": 3, "codename": "view_group"}}, {"model": "auth.permission", "pk": 13, "fields": {"name": "Can add user", "content_type": 4, "codename": "add_user"}}, {"model": "auth.permission", "pk": 14, "fields": {"name": "Can change user", "content_type": 4, "codename": "change_user"}}, {"model": "auth.permission", "pk": 15, "fields": {"name": "Can delete user", "content_type": 4, "codename": "delete_user"}}, {"model": "auth.permission", "pk": 16, "fields": {"name": "Can view user", "content_type": 4, "codename": "view_user"}}, {"model": "auth.permission", "pk": 17, "fields": {"name": "Can add content type", "content_type": 5, "codename": "add_contenttype"}}, {"model": "auth.permission", "pk": 18, "fields": {"name": "Can change content type", "content_type": 5, "codename": "change_contenttype"}}, {"model": "auth.permission", "pk": 19, "fields": {"name": "Can delete content type", "content_type": 5, "codename": "delete_contenttype"}}, {"model": "auth.permission", "pk": 20, "fields": {"name": "Can view content type", "content_type": 5, "codename": "view_contenttype"}}, {"model": "auth.permission", "pk": 21, "fields": {"name": "Can add session", "content_type": 6, "codename": "add_session"}}, {"model": "auth.permission", "pk": 22, "fields": {"name": "Can change session", "content_type": 6, "codename": "change_session"}}, {"model": "auth.permission", "pk": 23, "fields": {"name": "Can delete session", "content_type": 6, "codename": "delete_session"}}, {"model": "auth.permission", "pk": 24, "fields": {"name": "Can view session", "content_type": 6, "codename": "view_session"}}, {"model": "auth.permission", "pk": 25, "fields": {"name": "Can add category", "content_type": 7, "codename": "add_category"}}, {"model": "auth.permission", "pk": 26, "fields": {"name": "Can change category", "content_type": 7, "codename": "change_category"}}, {"model": "auth.permission", "pk": 27, "fields": {"name": "Can delete category", "content_type": 7, "codename": "delete_category"}}, {"model": "auth.permission", "pk": 28, "fields": {"name": "Can view category", "content_type": 7, "codename": "view_category"}}, {"model": "auth.permission", "pk": 29, "fields": {"name": "Can add ticket", "content_type": 8, "codename": "add_ticket"}}, {"model": "auth.permission", "pk": 30, "fields": {"name": "Can change ticket", "content_type": 8, "codename": "change_ticket"}}, {"model": "auth.permission", "pk": 31, "fields": {"name": "Can delete ticket", "content_type": 8, "codename": "delete_ticket"}}, {"model": "auth.permission", "pk": 32, "fields": {"name": "Can view ticket", "content_type": 8, "codename": "view_ticket"}}, {"model": "auth.permission", "pk": 33, "fields": {"name": "Can add added ticket", "content_type": 9, "codename": "add_addedticket"}}, {"model": "auth.permission", "pk": 34, "fields": {"name": "Can change added ticket", "content_type": 9, "codename": "change_addedticket"}}, {"model": "auth.permission", "pk": 35, "fields": {"name": "Can delete added ticket", "content_type": 9, "codename": "delete_addedticket"}}, {"model": "auth.permission", "pk": 36, "fields": {"name": "Can view added ticket", "content_type": 9, "codename": "view_addedticket"}}, {"model": "auth.permission", "pk": 37, "fields": {"name": "Can add added", "content_type": 10, "codename": "add_added"}}, {"model": "auth.permission", "pk": 38, "fields": {"name": "Can change added", "content_type": 10, "codename": "change_added"}}, {"model": "auth.permission", "pk": 39, "fields": {"name": "Can delete added", "content_type": 10, "codename": "delete_added"}}, {"model": "auth.permission", "pk": 40, "fields": {"name": "Can view added", "content_type": 10, "codename": "view_added"}}, {"model": "auth.permission", "pk": 41, "fields": {"name": "Can add bookmark", "content_type": 11, "codename": "add_bookmark"}}, {"model": "auth.permission", "pk": 42, "fields": {"name": "Can change bookmark", "content_type": 11, "codename": "change_bookmark"}}, {"model": "auth.permission", "pk": 43, "fields": {"name": "Can delete bookmark", "content_type": 11, "codename": "delete_bookmark"}}, {"model": "auth.permission", "pk": 44, "fields": {"name": "Can view bookmark", "content_type": 11, "codename": "view_bookmark"}}, {"model": "auth.permission", "pk": 45, "fields": {"name": "Can add pinned application", "content_type": 12, "codename": "add_pinnedapplication"}}, {"model": "auth.permission", "pk": 46, "fields": {"name": "Can change pinned application", "content_type": 12, "codename": "change_pinnedapplication"}}, {"model": "auth.permission", "pk": 47, "fields": {"name": "Can delete pinned application", "content_type": 12, "codename": "delete_pinnedapplication"}}, {"model": "auth.permission", "pk": 48, "fields": {"name": "Can view pinned application", "content_type": 12, "codename": "view_pinnedapplication"}}, {"model": "auth.permission", "pk": 49, "fields": {"name": "Can add user dashboard module", "content_type": 13, "codename": "add_userdashboardmodule"}}, {"model": "auth.permission", "pk": 50, "fields": {"name": "Can change user dashboard module", "content_type": 13, "codename": "change_userdashboardmodule"}}, {"model": "auth.permission", "pk": 51, "fields": {"name": "Can delete user dashboard module", "content_type": 13, "codename": "delete_userdashboardmodule"}}, {"model": "auth.permission", "pk": 52, "fields": {"name": "Can view user dashboard module", "content_type": 13, "codename": "view_userdashboardmodule"}}, {"model": "auth.permission", "pk": 53, "fields": {"name": "Can add site", "content_type": 14, "codename": "add_site"}}, {"model": "auth.permission", "pk": 54, "fields": {"name": "Can change site", "content_type": 14, "codename": "change_site"}}, {"model": "auth.permission", "pk": 55, "fields": {"name": "Can delete site", "content_type": 14, "codename": "delete_site"}}, {"model": "auth.permission", "pk": 56, "fields": {"name": "Can view site", "content_type": 14, "codename": "view_site"}}, {"model": "auth.permission", "pk": 57, "fields": {"name": "Can add email address", "content_type": 15, "codename": "add_emailaddress"}}, {"model": "auth.permission", "pk": 58, "fields": {"name": "Can change email address", "content_type": 15, "codename": "change_emailaddress"}}, {"model": "auth.permission", "pk": 59, "fields": {"name": "Can delete email address", "content_type": 15, "codename": "delete_emailaddress"}}, {"model": "auth.permission", "pk": 60, "fields": {"name": "Can view email address", "content_type": 15, "codename": "view_emailaddress"}}, {"model": "auth.permission", "pk": 61, "fields": {"name": "Can add email confirmation", "content_type": 16, "codename": "add_emailconfirmation"}}, {"model": "auth.permission", "pk": 62, "fields": {"name": "Can change email confirmation", "content_type": 16, "codename": "change_emailconfirmation"}}, {"model": "auth.permission", "pk": 63, "fields": {"name": "Can delete email confirmation", "content_type": 16, "codename": "delete_emailconfirmation"}}, {"model": "auth.permission", "pk": 64, "fields": {"name": "Can view email confirmation", "content_type": 16, "codename": "view_emailconfirmation"}}, {"model": "auth.permission", "pk": 65, "fields": {"name": "Can add social account", "content_type": 17, "codename": "add_socialaccount"}}, {"model": "auth.permission", "pk": 66, "fields": {"name": "Can change social account", "content_type": 17, "codename": "change_socialaccount"}}, {"model": "auth.permission", "pk": 67, "fields": {"name": "Can delete social account", "content_type": 17, "codename": "delete_socialaccount"}}, {"model": "auth.permission", "pk": 68, "fields": {"name": "Can view social account", "content_type": 17, "codename": "view_socialaccount"}}, {"model": "auth.permission", "pk": 69, "fields": {"name": "Can add social application", "content_type": 18, "codename": "add_socialapp"}}, {"model": "auth.permission", "pk": 70, "fields": {"name": "Can change social application", "content_type": 18, "codename": "change_socialapp"}}, {"model": "auth.permission", "pk": 71, "fields": {"name": "Can delete social application", "content_type": 18, "codename": "delete_socialapp"}}, {"model": "auth.permission", "pk": 72, "fields": {"name": "Can view social application", "content_type": 18, "codename": "view_socialapp"}}, {"model": "auth.permission", "pk": 73, "fields": {"name": "Can add social application token", "content_type": 19, "codename": "add_socialtoken"}}, {"model": "auth.permission", "pk": 74, "fields": {"name": "Can change social application token", "content_type": 19, "codename": "change_socialtoken"}}, {"model": "auth.permission", "pk": 75, "fields": {"name": "Can delete social application token", "content_type": 19, "codename": "delete_socialtoken"}}, {"model": "auth.permission", "pk": 76, "fields": {"name": "Can view social application token", "content_type": 19, "codename": "view_socialtoken"}}, {"model": "auth.user", "pk": 1, "fields": {"password": "pbkdf2_sha256$150000$QfJ2cr9ct1RD$V5d1I6ltKu633HwbFeD3PfkwBoDGchZFzz4jSTMd6uM=", "last_login": "2019-08-06T09:36:54.883Z", "is_superuser": true, "username": "admin", "first_name": "", "last_name": "", "email": "amifidele333@gmail.com", "is_staff": true, "is_active": true, "date_joined": "2019-07-17T11:11:07.704Z", "groups": [], "user_permissions": []}}, {"model": "auth.user", "pk": 2, "fields": {"password": "!6ufv91jYHBtmZKWeCqetpnhoKqldV0nNV11iDnWP", "last_login": "2019-08-08T15:05:56.782Z", "is_superuser": false, "username": "ami", "first_name": "AMI", "last_name": "FIDELE", "email": "", "is_staff": false, "is_active": true, "date_joined": "2019-07-24T19:43:41.272Z", "groups": [], "user_permissions": []}}, {"model": "auth.user", "pk": 3, "fields": {"password": "pbkdf2_sha256$150000$RRhk4mqu93Nu$fdb7V2DpvivyDguY4f1G9Le+OxTdLdNVlM4uVoaJBXw=", "last_login": "2019-07-27T13:42:07.661Z", "is_superuser": false, "username": "nimana", "first_name": "", "last_name": "", "email": "amifidele333@gmail.com", "is_staff": false, "is_active": true, "date_joined": "2019-07-27T13:41:51.143Z", "groups": [], "user_permissions": []}}, {"model": "tickets.ticket", "pk": 3, "fields": {"ticket_title": "Rayon sport Vs Apr", "location": "Rwanda, Kigali,  Umumena Stadium", "ticket_added_time": "2019-07-17T14:29:57.058Z", "starting_hour": "17:00:00", "ending_hour": "19:00:00", "ending_date": "2019-08-09", "ticket_banner": "black-background-blaze-blur-750225.jpg", "ticket_description": "dsfjkkdjf dfjskdf dfjnsd dsfjkkdjf dfjskdf dfjnsd dsfjkkdjf dfjskdf dfjnsd dsfjkkdjf dfjskdf dfjnsd dsfjkkdjf dfjskdf dfjnsd dsfjkkdjf dfjskdf dfjnsd dsfjkkdjf dfjskdf dfjnsd dsfjkkdjf dfjskdf dfjnsd dsfjkkdjf dfjskdf dfjnsd dsfjkkdjf dfjskdf dfjnsd dsfjkkdjf dfjskdf dfjnsd dsfjkkdjf dfjskdf dfjnsd dsfjkkdjf dfjskdf dfjnsd dsfjkkdjf dfjskdf dfjnsd dsfjkkdjf dfjskdf dfjnsd dsfjkkdjf dfjskdf dfjnsd dsfjkkdjf dfjskdf dfjnsd dsfjkkdjf dfjskdf dfjnsd dsfjkkdjf dfjskdf dfjnsd dsfjkkdjf dfjskdf dfjnsd dsfjkkdjf dfjskdf dfjnsd dsfjkkdjf dfjskdf dfjnsd dsfjkkdjf dfjskdf dfjnsd dsfjkkdjf dfjskdf dfjnsd dsfjkkdjf dfjskdf dfjnsd dsfjkkdjf dfjskdf dfjnsd dsfjkkdjf dfjskdf dfjnsd dsfjkkdjf dfjskdf dfjnsd dsfjkkdjf dfjskdf dfjnsd dsfjkkdjf dfjskdf dfjnsd dsfjkkdjf dfjskdf dfjnsd dsfjkkdjf dfjskdf dfjnsd dsfjkkdjf dfjskdf dfjnsd .", "ticket_price": 5000.0, "currency": "RWF", "seller_name": null, "category": 3, "starting_date": "2019-08-09", "organizer_name": null, "organizer_description": "", "available_tickets": 5000}}, {"model": "tickets.ticket", "pk": 4, "fields": {"ticket_title": "East African Party", "location": "Rwanda, Kigali, Intare arena", "ticket_added_time": "2019-07-20T14:57:38.797Z", "starting_hour": "18:30:00", "ending_hour": "21:45:00", "ending_date": "2019-01-17", "ticket_banner": "east_african_party_LyA9UD1.jpg", "ticket_description": "<b><u>fdsdf df dfdfsdfd dfdsf sd fdsdf df dfdfsdfd\u00a0</u></b><div>dfdsf sd fdsdf df dfdfsdfd dfdsf sd fdsdf df dfdfsdfd dfdsf sd fdsdf df dfdfsdfd\u00a0</div><div>dfdsf sd fdsdf df dfdfsdfd dfdsf sd fdsdf df dfdfsdfd dfdsf sd fdsdf df dfdfsdfd</div><div>dfdsf sd fdsdf df dfdfsdfd dfdsf sd fdsdf df dfdfsdfd dfdsf sd fdsdf df dfdfsdfd\u00a0</div><div><i>dfdsf sd fdsdf df dfdfsdfd dfdsf sd fdsdf df dfdfsdfd dfdsf</i>\u00a0</div><div>sd fdsdf df dfdfsdfd dfdsf sd fdsdf df dfdfsdfd dfdsf sd fdsdf df dfdfsdfd dfdsf sd fdsdf</div><div>df dfdfsdfd dfdsf sd fdsdf df dfdfsdfd dfdsf sd fdsdf df dfdfsdfd dfdsf sd fdsdf df dfdfsdfd</div><div>\u00a0dfdsf sd fdsdf df dfdfsdfd dfdsf sd fdsdf df dfdfsdfd dfdsf sd fdsdf df dfdfsdfd dfdsf sd fdsdf df dfdfsdfd dfdsf sd fdsdf df dfdfsdfd dfdsf sd fdsdf df dfdfsdfd dfdsf sd fdsdf df dfdfsdfd dfdsf sd fdsdf df dfdfsdfd dfdsf sd fdsdf df dfdfsdfd dfdsf sd fdsdf df dfdfsdfd dfdsf sd fdsdf df dfdfsdfd dfdsf sd fdsdf df dfdfsdfd dfdsf sd fdsdf df dfdfsdfd dfdsf sd fdsdf df dfdfsdfd dfdsf sd fdsdf df dfdfsdfd dfdsf sd fdsdf df dfdfsdfd dfdsf sd fdsdf df dfdfsdfd dfdsf sd</div>", "ticket_price": 5000.0, "currency": "RWF", "seller_name": null, "category": 1, "starting_date": "2019-01-17", "organizer_name": "NImana ami fidele ent.", "organizer_description": "<b><u>dfgjndfgndfgkdfgdjfng dfjg jnsdf d</u></b><div>fgjndfgndfgkdfgdjfng dfjg jnsdf dfgjndfgndfgkdfgdjfng dfjg jnsdf dfgjndfgndfgkdfgdjfng dfjg jnsdf dfgjndfgndfgkdfgdjfng dfjg jnsdf dfgjndfgndfgkdfgdjfng dfjg jnsdf dfgjndfgndfgkdfgdjfng dfjg jnsdf dfgjndfgndfgkdfgdjfng dfjg jnsdf dfgjndfgndfgkdfgdjfng dfjg jnsdf dfgjndfgndfgkdfgdjfng dfjg jnsdf dfgjndfgndfgkdfgdjfng dfjg jnsdf dfgjndfgndfgkdfgdjfng dfjg jnsdf dfgjndfgndfgkdfgdjfng dfjg jnsdf dfgjndfgndfgkdfgdjfng dfjg jnsdf dfgjndfgndfgkdfgdjfng dfjg jnsdf dfgjndfgndfgkdfgdjfng dfjg jnsdf dfgjndfgndfgkdfgdjfng dfjg jnsdf dfgjndfgndfgkdfgdjfng dfjg jnsdf dfgjndfgndfgkdfgdjfng dfjg jnsdf dfgjndfgndfgkdfgdjfng dfjg jnsdf dfgjndfgndfgkdfgdjfng dfjg jnsdf dfgjndfgndfgkdfgdjfng dfjg jnsdf dfgjndfgndfgkdfgdjfng dfjg jnsdf dfgjndfgndfgkdfgdjfng dfjg jnsdf dfgjndfgndfgkdfgdjfng dfjg jnsdf .</div>", "available_tickets": 500}}, {"model": "tickets.ticket", "pk": 5, "fields": {"ticket_title": "Silent Disco", "location": "Rwanda, Rubavu, car free zone", "ticket_added_time": "2019-07-24T10:50:48.947Z", "starting_hour": "18:20:00", "ending_hour": "22:20:00", "ending_date": "2019-03-27", "ticket_banner": "silent_disco_WBloCvv.jpg", "ticket_description": "cdjsnckjsdncjsd csjdncsd cjdsnc sdcnsj cdjsnckjsdncjsd csjdncsd cjdsnc sdcnsj cdjsnckjsdncjsd csjdncsd cjdsnc sdcnsj cdjsnckjsdncjsd csjdncsd cjdsnc sdcnsj cdjsnckjsdncjsd csjdncsd cjdsnc sdcnsj cdjsnckjsdncjsd csjdncsd cjdsnc sdcnsj cdjsnckjsdncjsd csjdncsd cjdsnc sdcnsj cdjsnckjsdncjsd csjdncsd cjdsnc sdcnsj cdjsnckjsdncjsd csjdncsd cjdsnc sdcnsj cdjsnckjsdncjsd csjdncsd cjdsnc sdcnsj cdjsnckjsdncjsd csjdncsd cjdsnc sdcnsj cdjsnckjsdncjsd csjdncsd cjdsnc sdcnsj cdjsnckjsdncjsd csjdncsd cjdsnc sdcnsj cdjsnckjsdncjsd csjdncsd cjdsnc sdcnsj cdjsnckjsdncjsd csjdncsd cjdsnc sdcnsj cdjsnckjsdncjsd csjdncsd cjdsnc sdcnsj cdjsnckjsdncjsd csjdncsd cjdsnc sdcnsj .", "ticket_price": 2000.0, "currency": "RWF", "seller_name": null, "category": 6, "starting_date": "2019-07-27", "organizer_name": "NImana ami fidele ent.", "organizer_description": "cdjsnckjsdncjsd csjdncsd cjdsnc sdcnsj cdjsnckjsdncjsd csjdncsd cjdsnc sdcnsj cdjsnckjsdncjsd csjdncsd cjdsnc sdcnsj cdjsnckjsdncjsd csjdncsd cjdsnc sdcnsj cdjsnckjsdncjsd csjdncsd cjdsnc sdcnsj cdjsnckjsdncjsd csjdncsd cjdsnc sdcnsj cdjsnckjsdncjsd csjdncsd cjdsnc sdcnsj cdjsnckjsdncjsd csjdncsd cjdsnc sdcnsj cdjsnckjsdncjsd csjdncsd cjdsnc sdcnsj cdjsnckjsdncjsd csjdncsd cjdsnc sdcnsj cdjsnckjsdncjsd csjdncsd cjdsnc sdcnsj cdjsnckjsdncjsd csjdncsd cjdsnc sdcnsj cdjsnckjsdncjsd csjdncsd cjdsnc sdcnsj cdjsnckjsdncjsd csjdncsd cjdsnc sdcnsj cdjsnckjsdncjsd csjdncsd cjdsnc sdcnsj .", "available_tickets": 200}}, {"model": "tickets.ticket", "pk": 6, "fields": {"ticket_title": "Shyuha Festival", "location": "Rwanda, Kigali, Amahoro Stadium", "ticket_added_time": "2019-07-25T15:27:31.352Z", "starting_hour": "16:30:00", "ending_hour": "18:00:00", "ending_date": "2019-07-30", "ticket_banner": "african_future_summit_p7BprkK.jpg", "ticket_description": "vjndfjs fjdhsfs vjndfjs fjdhsfs vjndfjs fjdhsfs vjndfjs fjdhsfs vjndfjs fjdhsfs vjndfjs fjdhsfs vjndfjs fjdhsfs vjndfjs fjdhsfs vjndfjs fjdhsfs vjndfjs fjdhsfs vjndfjs fjdhsfs vjndfjs fjdhsfs vjndfjs fjdhsfs vjndfjs fjdhsfs vjndfjs fjdhsfs vjndfjs fjdhsfs vjndfjs fjdhsfs vjndfjs fjdhsfs vjndfjs fjdhsfs vjndfjs fjdhsfs vjndfjs fjdhsfs vjndfjs fjdhsfs vjndfjs fjdhsfs vjndfjs fjdhsfs vjndfjs fjdhsfs vjndfjs fjdhsfs vjndfjs fjdhsfs vjndfjs fjdhsfs vjndfjs fjdhsfs vjndfjs fjdhsfs vjndfjs fjdhsfs vjndfjs fjdhsfs vjndfjs fjdhsfs vjndfjs fjdhsfs vjndfjs fjdhsfs vjndfjs fjdhsfs vjndfjs fjdhsfs vjndfjs fjdhsfs vjndfjs fjdhsfs vjndfjs fjdhsfs vjndfjs fjdhsfs vjndfjs fjdhsfs", "ticket_price": 20000.0, "currency": "RWF", "seller_name": null, "category": 6, "starting_date": "2019-07-30", "organizer_name": null, "organizer_description": "", "available_tickets": 100}}, {"model": "tickets.ticket", "pk": 7, "fields": {"ticket_title": "Iwacu Muzika Festival", "location": "Rwanda, Kigali, Amahoro Stadium", "ticket_added_time": "2019-07-26T10:05:42.115Z", "starting_hour": "16:30:00", "ending_hour": "18:00:00", "ending_date": "2019-07-31", "ticket_banner": "matthieu-comoy-225710-unsplash.jpg", "ticket_description": "dsjk fnskd knk\u00a0<span style=\"font-family: -apple-system, BlinkMacSystemFont, \"Segoe UI\", Roboto, \"Helvetica Neue\", Arial, \"Noto Sans\", sans-serif, \"Apple Color Emoji\", \"Segoe UI Emoji\", \"Segoe UI Symbol\", \"Noto Color Emoji\";\">dsjk fnskd knk\u00a0</span><span style=\"font-family: -apple-system, BlinkMacSystemFont, \"Segoe UI\", Roboto, \"Helvetica Neue\", Arial, \"Noto Sans\", sans-serif, \"Apple Color Emoji\", \"Segoe UI Emoji\", \"Segoe UI Symbol\", \"Noto Color Emoji\";\">dsjk fnskd knk\u00a0</span><span style=\"font-family: -apple-system, BlinkMacSystemFont, \"Segoe UI\", Roboto, \"Helvetica Neue\", Arial, \"Noto Sans\", sans-serif, \"Apple Color Emoji\", \"Segoe UI Emoji\", \"Segoe UI Symbol\", \"Noto Color Emoji\";\">dsjk fnskd knk\u00a0</span><span style=\"font-family: -apple-system, BlinkMacSystemFont, \"Segoe UI\", Roboto, \"Helvetica Neue\", Arial, \"Noto Sans\", sans-serif, \"Apple Color Emoji\", \"Segoe UI Emoji\", \"Segoe UI Symbol\", \"Noto Color Emoji\";\">dsjk fnskd knk\u00a0</span><span style=\"font-family: -apple-system, BlinkMacSystemFont, \"Segoe UI\", Roboto, \"Helvetica Neue\", Arial, \"Noto Sans\", sans-serif, \"Apple Color Emoji\", \"Segoe UI Emoji\", \"Segoe UI Symbol\", \"Noto Color Emoji\";\">dsjk fnskd knk\u00a0</span><span style=\"font-family: -apple-system, BlinkMacSystemFont, \"Segoe UI\", Roboto, \"Helvetica Neue\", Arial, \"Noto Sans\", sans-serif, \"Apple Color Emoji\", \"Segoe UI Emoji\", \"Segoe UI Symbol\", \"Noto Color Emoji\";\">dsjk fnskd knk\u00a0</span><span style=\"font-family: -apple-system, BlinkMacSystemFont, \"Segoe UI\", Roboto, \"Helvetica Neue\", Arial, \"Noto Sans\", sans-serif, \"Apple Color Emoji\", \"Segoe UI Emoji\", \"Segoe UI Symbol\", \"Noto Color Emoji\";\">dsjk fnskd knk\u00a0</span><span style=\"font-family: -apple-system, BlinkMacSystemFont, \"Segoe UI\", Roboto, \"Helvetica Neue\", Arial, \"Noto Sans\", sans-serif, \"Apple Color Emoji\", \"Segoe UI Emoji\", \"Segoe UI Symbol\", \"Noto Color Emoji\";\">dsjk fnskd knk\u00a0</span><span style=\"font-family: -apple-system, BlinkMacSystemFont, \"Segoe UI\", Roboto, \"Helvetica Neue\", Arial, \"Noto Sans\", sans-serif, \"Apple Color Emoji\", \"Segoe UI Emoji\", \"Segoe UI Symbol\", \"Noto Color Emoji\";\">dsjk fnskd knk\u00a0</span><span style=\"font-family: -apple-system, BlinkMacSystemFont, \"Segoe UI\", Roboto, \"Helvetica Neue\", Arial, \"Noto Sans\", sans-serif, \"Apple Color Emoji\", \"Segoe UI Emoji\", \"Segoe UI Symbol\", \"Noto Color Emoji\";\">dsjk fnskd knk\u00a0</span><span style=\"font-family: -apple-system, BlinkMacSystemFont, \"Segoe UI\", Roboto, \"Helvetica Neue\", Arial, \"Noto Sans\", sans-serif, \"Apple Color Emoji\", \"Segoe UI Emoji\", \"Segoe UI Symbol\", \"Noto Color Emoji\";\">dsjk fnskd knk\u00a0</span><span style=\"font-family: -apple-system, BlinkMacSystemFont, \"Segoe UI\", Roboto, \"Helvetica Neue\", Arial, \"Noto Sans\", sans-serif, \"Apple Color Emoji\", \"Segoe UI Emoji\", \"Segoe UI Symbol\", \"Noto Color Emoji\";\">dsjk fnskd knk\u00a0</span><span style=\"font-family: -apple-system, BlinkMacSystemFont, \"Segoe UI\", Roboto, \"Helvetica Neue\", Arial, \"Noto Sans\", sans-serif, \"Apple Color Emoji\", \"Segoe UI Emoji\", \"Segoe UI Symbol\", \"Noto Color Emoji\";\">dsjk fnskd knk\u00a0</span><span style=\"font-family: -apple-system, BlinkMacSystemFont, \"Segoe UI\", Roboto, \"Helvetica Neue\", Arial, \"Noto Sans\", sans-serif, \"Apple Color Emoji\", \"Segoe UI Emoji\", \"Segoe UI Symbol\", \"Noto Color Emoji\";\">dsjk fnskd knk\u00a0</span><span style=\"font-family: -apple-system, BlinkMacSystemFont, \"Segoe UI\", Roboto, \"Helvetica Neue\", Arial, \"Noto Sans\", sans-serif, \"Apple Color Emoji\", \"Segoe UI Emoji\", \"Segoe UI Symbol\", \"Noto Color Emoji\";\">dsjk fnskd knk\u00a0</span><span style=\"font-family: -apple-system, BlinkMacSystemFont, \"Segoe UI\", Roboto, \"Helvetica Neue\", Arial, \"Noto Sans\", sans-serif, \"Apple Color Emoji\", \"Segoe UI Emoji\", \"Segoe UI Symbol\", \"Noto Color Emoji\";\">dsjk fnskd knk\u00a0</span><span style=\"font-family: -apple-system, BlinkMacSystemFont, \"Segoe UI\", Roboto, \"Helvetica Neue\", Arial, \"Noto Sans\", sans-serif, \"Apple Color Emoji\", \"Segoe UI Emoji\", \"Segoe UI Symbol\", \"Noto Color Emoji\";\">dsjk fnskd knk\u00a0</span><span style=\"font-family: -apple-system, BlinkMacSystemFont, \"Segoe UI\", Roboto, \"Helvetica Neue\", Arial, \"Noto Sans\", sans-serif, \"Apple Color Emoji\", \"Segoe UI Emoji\", \"Segoe UI Symbol\", \"Noto Color Emoji\";\">dsjk fnskd knk\u00a0</span><span style=\"font-family: -apple-system, BlinkMacSystemFont, \"Segoe UI\", Roboto, \"Helvetica Neue\", Arial, \"Noto Sans\", sans-serif, \"Apple Color Emoji\", \"Segoe UI Emoji\", \"Segoe UI Symbol\", \"Noto Color Emoji\";\">dsjk fnskd knk\u00a0</span><span style=\"font-family: -apple-system, BlinkMacSystemFont, \"Segoe UI\", Roboto, \"Helvetica Neue\", Arial, \"Noto Sans\", sans-serif, \"Apple Color Emoji\", \"Segoe UI Emoji\", \"Segoe UI Symbol\", \"Noto Color Emoji\";\">dsjk fnskd knk\u00a0</span><span style=\"font-family: -apple-system, BlinkMacSystemFont, \"Segoe UI\", Roboto, \"Helvetica Neue\", Arial, \"Noto Sans\", sans-serif, \"Apple Color Emoji\", \"Segoe UI Emoji\", \"Segoe UI Symbol\", \"Noto Color Emoji\";\">dsjk fnskd knk\u00a0</span><span style=\"font-family: -apple-system, BlinkMacSystemFont, \"Segoe UI\", Roboto, \"Helvetica Neue\", Arial, \"Noto Sans\", sans-serif, \"Apple Color Emoji\", \"Segoe UI Emoji\", \"Segoe UI Symbol\", \"Noto Color Emoji\";\">dsjk fnskd knk\u00a0</span><span style=\"font-family: -apple-system, BlinkMacSystemFont, \"Segoe UI\", Roboto, \"Helvetica Neue\", Arial, \"Noto Sans\", sans-serif, \"Apple Color Emoji\", \"Segoe UI Emoji\", \"Segoe UI Symbol\", \"Noto Color Emoji\";\">dsjk fnskd knk\u00a0</span><span style=\"font-family: -apple-system, BlinkMacSystemFont, \"Segoe UI\", Roboto, \"Helvetica Neue\", Arial, \"Noto Sans\", sans-serif, \"Apple Color Emoji\", \"Segoe UI Emoji\", \"Segoe UI Symbol\", \"Noto Color Emoji\";\">dsjk fnskd knk\u00a0</span><span style=\"font-family: -apple-system, BlinkMacSystemFont, \"Segoe UI\", Roboto, \"Helvetica Neue\", Arial, \"Noto Sans\", sans-serif, \"Apple Color Emoji\", \"Segoe UI Emoji\", \"Segoe UI Symbol\", \"Noto Color Emoji\";\">dsjk fnskd knk\u00a0</span><span style=\"font-family: -apple-system, BlinkMacSystemFont, \"Segoe UI\", Roboto, \"Helvetica Neue\", Arial, \"Noto Sans\", sans-serif, \"Apple Color Emoji\", \"Segoe UI Emoji\", \"Segoe UI Symbol\", \"Noto Color Emoji\";\">dsjk fnskd knk\u00a0</span><span style=\"font-family: -apple-system, BlinkMacSystemFont, \"Segoe UI\", Roboto, \"Helvetica Neue\", Arial, \"Noto Sans\", sans-serif, \"Apple Color Emoji\", \"Segoe UI Emoji\", \"Segoe UI Symbol\", \"Noto Color Emoji\";\">dsjk fnskd knk\u00a0</span><span style=\"font-family: -apple-system, BlinkMacSystemFont, \"Segoe UI\", Roboto, \"Helvetica Neue\", Arial, \"Noto Sans\", sans-serif, \"Apple Color Emoji\", \"Segoe UI Emoji\", \"Segoe UI Symbol\", \"Noto Color Emoji\";\">dsjk fnskd knk\u00a0</span><span style=\"font-family: -apple-system, BlinkMacSystemFont, \"Segoe UI\", Roboto, \"Helvetica Neue\", Arial, \"Noto Sans\", sans-serif, \"Apple Color Emoji\", \"Segoe UI Emoji\", \"Segoe UI Symbol\", \"Noto Color Emoji\";\">dsjk fnskd knk\u00a0</span><span style=\"font-family: -apple-system, BlinkMacSystemFont, \"Segoe UI\", Roboto, \"Helvetica Neue\", Arial, \"Noto Sans\", sans-serif, \"Apple Color Emoji\", \"Segoe UI Emoji\", \"Segoe UI Symbol\", \"Noto Color Emoji\";\">dsjk fnskd knk\u00a0</span><span style=\"font-family: -apple-system, BlinkMacSystemFont, \"Segoe UI\", Roboto, \"Helvetica Neue\", Arial, \"Noto Sans\", sans-serif, \"Apple Color Emoji\", \"Segoe UI Emoji\", \"Segoe UI Symbol\", \"Noto Color Emoji\";\">dsjk fnskd knk\u00a0</span><span style=\"font-family: -apple-system, BlinkMacSystemFont, \"Segoe UI\", Roboto, \"Helvetica Neue\", Arial, \"Noto Sans\", sans-serif, \"Apple Color Emoji\", \"Segoe UI Emoji\", \"Segoe UI Symbol\", \"Noto Color Emoji\";\">dsjk fnskd knk\u00a0</span><span style=\"font-family: -apple-system, BlinkMacSystemFont, \"Segoe UI\", Roboto, \"Helvetica Neue\", Arial, \"Noto Sans\", sans-serif, \"Apple Color Emoji\", \"Segoe UI Emoji\", \"Segoe UI Symbol\", \"Noto Color Emoji\";\">dsjk fnskd knk\u00a0</span><span style=\"font-family: -apple-system, BlinkMacSystemFont, \"Segoe UI\", Roboto, \"Helvetica Neue\", Arial, \"Noto Sans\", sans-serif, \"Apple Color Emoji\", \"Segoe UI Emoji\", \"Segoe UI Symbol\", \"Noto Color Emoji\";\">dsjk fnskd knk\u00a0</span><span style=\"font-family: -apple-system, BlinkMacSystemFont, \"Segoe UI\", Roboto, \"Helvetica Neue\", Arial, \"Noto Sans\", sans-serif, \"Apple Color Emoji\", \"Segoe UI Emoji\", \"Segoe UI Symbol\", \"Noto Color Emoji\";\">dsjk fnskd knk\u00a0</span><span style=\"font-family: -apple-system, BlinkMacSystemFont, \"Segoe UI\", Roboto, \"Helvetica Neue\", Arial, \"Noto Sans\", sans-serif, \"Apple Color Emoji\", \"Segoe UI Emoji\", \"Segoe UI Symbol\", \"Noto Color Emoji\";\">dsjk fnskd knk\u00a0</span><span style=\"font-family: -apple-system, BlinkMacSystemFont, \"Segoe UI\", Roboto, \"Helvetica Neue\", Arial, \"Noto Sans\", sans-serif, \"Apple Color Emoji\", \"Segoe UI Emoji\", \"Segoe UI Symbol\", \"Noto Color Emoji\";\">dsjk fnskd knk\u00a0</span><span style=\"font-family: -apple-system, BlinkMacSystemFont, \"Segoe UI\", Roboto, \"Helvetica Neue\", Arial, \"Noto Sans\", sans-serif, \"Apple Color Emoji\", \"Segoe UI Emoji\", \"Segoe UI Symbol\", \"Noto Color Emoji\";\">dsjk fnskd knk\u00a0</span><span style=\"font-family: -apple-system, BlinkMacSystemFont, \"Segoe UI\", Roboto, \"Helvetica Neue\", Arial, \"Noto Sans\", sans-serif, \"Apple Color Emoji\", \"Segoe UI Emoji\", \"Segoe UI Symbol\", \"Noto Color Emoji\";\">dsjk fnskd knk\u00a0</span><span style=\"font-family: -apple-system, BlinkMacSystemFont, \"Segoe UI\", Roboto, \"Helvetica Neue\", Arial, \"Noto Sans\", sans-serif, \"Apple Color Emoji\", \"Segoe UI Emoji\", \"Segoe UI Symbol\", \"Noto Color Emoji\";\">dsjk fnskd knk\u00a0</span><span style=\"font-family: -apple-system, BlinkMacSystemFont, \"Segoe UI\", Roboto, \"Helvetica Neue\", Arial, \"Noto Sans\", sans-serif, \"Apple Color Emoji\", \"Segoe UI Emoji\", \"Segoe UI Symbol\", \"Noto Color Emoji\";\">dsjk fnskd knk vv</span>", "ticket_price": 16000.0, "currency": "RWF", "seller_name": null, "category": 5, "starting_date": "2019-07-31", "organizer_name": null, "organizer_description": "", "available_tickets": 500}}, {"model": "tickets.ticket", "pk": 8, "fields": {"ticket_title": "Agatike Launch", "location": "Rwanda, Kigali, ONOMO Hotel", "ticket_added_time": "2019-07-26T11:19:11.402Z", "starting_hour": "16:30:00", "ending_hour": "19:30:00", "ending_date": "2019-08-15", "ticket_banner": "comming_soon.png", "ticket_description": "<br>", "ticket_price": 7000.0, "currency": "RWF", "seller_name": null, "category": 1, "starting_date": "2019-08-15", "organizer_name": null, "organizer_description": "<br>", "available_tickets": 500}}, {"model": "tickets.ticket", "pk": 9, "fields": {"ticket_title": "Shacks And Hobby ( new movie )", "location": "Rwanda, kigali, Cinema Centrury", "ticket_added_time": "2019-07-26T12:58:32.809Z", "starting_hour": "18:00:00", "ending_hour": "20:00:00", "ending_date": "2019-07-31", "ticket_banner": "61967039_881566858859143_4041916526552582359_n.jpg", "ticket_description": "kjsdn dsfn dfnsj kjsdn dsfn dfnsj kjsdn dsfn dfnsj kjsdn dsfn dfnsj kjsdn dsfn dfnsj kjsdn dsfn dfnsj kjsdn dsfn dfnsj kjsdn dsfn dfnsj kjsdn dsfn dfnsj kjsdn dsfn dfnsj kjsdn dsfn dfnsj kjsdn dsfn dfnsj kjsdn dsfn dfnsj kjsdn dsfn dfnsj kjsdn dsfn dfnsj kjsdn dsfn dfnsj kjsdn dsfn dfnsj kjsdn dsfn dfnsj kjsdn dsfn dfnsj kjsdn dsfn dfnsj kjsdn dsfn dfnsj kjsdn dsfn dfnsj kjsdn dsfn dfnsj kjsdn dsfn dfnsj kjsdn dsfn dfnsj kjsdn dsfn dfnsj kjsdn dsfn dfnsj kjsdn dsfn dfnsj kjsdn dsfn dfnsj kjsdn dsfn dfnsj kjsdn dsfn dfnsj kjsdn dsfn dfnsj kjsdn dsfn dfnsj kjsdn dsfn dfnsj kjsdn dsfn dfnsj kjsdn dsfn dfnsj kjsdn dsfn dfnsj kjsdn dsfn dfnsj kjsdn dsfn dfnsj kjsdn dsfn dfnsj .", "ticket_price": 10000.0, "currency": "RWF", "seller_name": null, "category": 2, "starting_date": "2019-07-31", "organizer_name": "NImana ami fidele ent.", "organizer_description": "kjsdn dsfn dfnsj kjsdn dsfn dfnsj kjsdn dsfn dfnsj kjsdn dsfn dfnsj kjsdn dsfn dfnsj kjsdn dsfn dfnsj kjsdn dsfn dfnsj kjsdn dsfn dfnsj kjsdn dsfn dfnsj kjsdn dsfn dfnsj kjsdn dsfn dfnsj kjsdn dsfn dfnsj kjsdn dsfn dfnsj kjsdn dsfn dfnsj kjsdn dsfn dfnsj kjsdn dsfn dfnsj kjsdn dsfn dfnsj kjsdn dsfn dfnsj kjsdn dsfn dfnsj kjsdn dsfn dfnsj kjsdn dsfn dfnsj kjsdn dsfn dfnsj kjsdn dsfn dfnsj kjsdn dsfn dfnsj kjsdn dsfn dfnsj kjsdn dsfn dfnsj kjsdn dsfn dfnsj kjsdn dsfn dfnsj kjsdn dsfn dfnsj kjsdn dsfn dfnsj kjsdn dsfn dfnsj kjsdn dsfn dfnsj kjsdn dsfn dfnsj kjsdn dsfn dfnsj kjsdn dsfn dfnsj kjsdn dsfn dfnsj kjsdn dsfn dfnsj kjsdn dsfn dfnsj kjsdn dsfn dfnsj kjsdn dsfn dfnsj kjsdn dsfn dfnsj kjsdn dsfn dfnsj kjsdn dsfn dfnsj kjsdn dsfn dfnsj kjsdn dsfn dfnsj kjsdn dsfn dfnsj kjsdn dsfn dfnsj kjsdn dsfn dfnsj kjsdn dsfn dfnsj kjsdn dsfn dfnsj kjsdn dsfn dfnsj kjsdn dsfn dfnsj kjsdn dsfn dfnsj kjsdn dsfn dfnsj kjsdn dsfn dfnsj kjsdn dsfn dfnsj kjsdn dsfn dfnsj .", "available_tickets": 60}}, {"model": "tickets.addedticket", "pk": 2, "fields": {"user": 1, "tickets": 3, "quantity": 4, "ordered": false}}, {"model": "tickets.addedticket", "pk": 3, "fields": {"user": 1, "tickets": 4, "quantity": 1, "ordered": false}}, {"model": "tickets.addedticket", "pk": 4, "fields": {"user": 1, "tickets": 5, "quantity": 1, "ordered": false}}, {"model": "tickets.addedticket", "pk": 5, "fields": {"user": 2, "tickets": 4, "quantity": 3, "ordered": false}}, {"model": "tickets.addedticket", "pk": 6, "fields": {"user": 2, "tickets": 5, "quantity": 1, "ordered": false}}, {"model": "tickets.addedticket", "pk": 7, "fields": {"user": 1, "tickets": 8, "quantity": 1, "ordered": false}}, {"model": "tickets.addedticket", "pk": 8, "fields": {"user": 1, "tickets": 9, "quantity": 3, "ordered": false}}, {"model": "tickets.addedticket", "pk": 9, "fields": {"user": 1, "tickets": 7, "quantity": 1, "ordered": false}}, {"model": "tickets.addedticket", "pk": 10, "fields": {"user": 1, "tickets": 6, "quantity": 1, "ordered": false}}, {"model": "tickets.addedticket", "pk": 11, "fields": {"user": 3, "tickets": 8, "quantity": 1, "ordered": false}}, {"model": "tickets.addedticket", "pk": 12, "fields": {"user": 3, "tickets": 9, "quantity": 1, "ordered": false}}, {"model": "tickets.addedticket", "pk": 13, "fields": {"user": 3, "tickets": 6, "quantity": 1, "ordered": false}}, {"model": "tickets.addedticket", "pk": 14, "fields": {"user": 3, "tickets": 4, "quantity": 1, "ordered": false}}, {"model": "tickets.addedticket", "pk": 15, "fields": {"user": 3, "tickets": 7, "quantity": 2, "ordered": false}}, {"model": "tickets.addedticket", "pk": 16, "fields": {"user": 3, "tickets": 5, "quantity": 1, "ordered": false}}, {"model": "tickets.addedticket", "pk": 17, "fields": {"user": 3, "tickets": 3, "quantity": 1, "ordered": false}}, {"model": "tickets.addedticket", "pk": 18, "fields": {"user": 2, "tickets": 9, "quantity": 1, "ordered": false}}, {"model": "tickets.added", "pk": 1, "fields": {"user": 1, "start_date": "2019-07-17T13:07:44.781Z", "ordered_date": "2019-07-17T13:07:44.781Z", "ordered": false, "tickets": [3, 4, 7, 10]}}, {"model": "tickets.added", "pk": 2, "fields": {"user": 2, "start_date": "2019-07-25T06:59:37.154Z", "ordered_date": "2019-07-25T06:59:37.154Z", "ordered": false, "tickets": [6, 18]}}, {"model": "tickets.added", "pk": 3, "fields": {"user": 3, "start_date": "2019-07-27T13:42:41.593Z", "ordered_date": "2019-07-27T13:42:41.593Z", "ordered": false, "tickets": [12, 13]}}, {"model": "socialaccount.socialaccount", "pk": 1, "fields": {"user": 2, "provider": "google", "uid": "110291080250273193330", "last_login": "2019-08-08T15:05:55.350Z", "date_joined": "2019-07-24T19:43:41.804Z", "extra_data": "{\"id\": \"110291080250273193330\", \"name\": \"AMI FIDELE\", \"given_name\": \"AMI\", \"family_name\": \"FIDELE\", \"picture\": \"https://lh3.googleusercontent.com/-HY0pItFxyTs/AAAAAAAAAAI/AAAAAAAAAC8/r6JTnagzNow/photo.jpg\", \"locale\": \"en\"}"}}, {"model": "admin.logentry", "pk": 1, "fields": {"action_time": "2019-07-17T11:28:30.614Z", "user": 1, "content_type": 7, "object_id": "1", "object_repr": "concert", "action_flag": 1, "change_message": "[{\"added\": {}}]"}}, {"model": "admin.logentry", "pk": 2, "fields": {"action_time": "2019-07-17T12:39:49.886Z", "user": 1, "content_type": 7, "object_id": "1", "object_repr": "concert", "action_flag": 2, "change_message": "[]"}}, {"model": "admin.logentry", "pk": 3, "fields": {"action_time": "2019-07-17T12:42:25.912Z", "user": 1, "content_type": 8, "object_id": "1", "object_repr": "East African Party", "action_flag": 1, "change_message": "[{\"added\": {}}]"}}, {"model": "admin.logentry", "pk": 4, "fields": {"action_time": "2019-07-17T12:59:00.912Z", "user": 1, "content_type": 7, "object_id": "2", "object_repr": "cinema", "action_flag": 1, "change_message": "[{\"added\": {}}]"}}, {"model": "admin.logentry", "pk": 5, "fields": {"action_time": "2019-07-17T13:07:02.815Z", "user": 1, "content_type": 8, "object_id": "2", "object_repr": "Avengers Infinity War", "action_flag": 1, "change_message": "[{\"added\": {}}]"}}, {"model": "admin.logentry", "pk": 6, "fields": {"action_time": "2019-07-17T14:00:27.083Z", "user": 1, "content_type": 8, "object_id": "2", "object_repr": "Avengers Infinity War", "action_flag": 3, "change_message": ""}}, {"model": "admin.logentry", "pk": 7, "fields": {"action_time": "2019-07-17T14:00:27.355Z", "user": 1, "content_type": 8, "object_id": "1", "object_repr": "East African Party", "action_flag": 3, "change_message": ""}}, {"model": "admin.logentry", "pk": 8, "fields": {"action_time": "2019-07-17T14:16:28.027Z", "user": 1, "content_type": 7, "object_id": "3", "object_repr": "sport", "action_flag": 1, "change_message": "[{\"added\": {}}]"}}, {"model": "admin.logentry", "pk": 9, "fields": {"action_time": "2019-07-17T14:17:07.846Z", "user": 1, "content_type": 7, "object_id": "4", "object_repr": "Expo", "action_flag": 1, "change_message": "[{\"added\": {}}]"}}, {"model": "admin.logentry", "pk": 10, "fields": {"action_time": "2019-07-17T14:17:20.855Z", "user": 1, "content_type": 7, "object_id": "2", "object_repr": "Cinema", "action_flag": 2, "change_message": "[{\"changed\": {\"fields\": [\"name\"]}}]"}}, {"model": "admin.logentry", "pk": 11, "fields": {"action_time": "2019-07-17T14:17:31.858Z", "user": 1, "content_type": 7, "object_id": "1", "object_repr": "Concert", "action_flag": 2, "change_message": "[{\"changed\": {\"fields\": [\"name\"]}}]"}}, {"model": "admin.logentry", "pk": 12, "fields": {"action_time": "2019-07-17T14:17:45.325Z", "user": 1, "content_type": 7, "object_id": "3", "object_repr": "Sport", "action_flag": 2, "change_message": "[{\"changed\": {\"fields\": [\"name\"]}}]"}}, {"model": "admin.logentry", "pk": 13, "fields": {"action_time": "2019-07-17T14:27:10.766Z", "user": 1, "content_type": 8, "object_id": "3", "object_repr": "Rayon sport Vs Apr", "action_flag": 1, "change_message": "[{\"added\": {}}]"}}, {"model": "admin.logentry", "pk": 14, "fields": {"action_time": "2019-07-17T14:29:57.090Z", "user": 1, "content_type": 8, "object_id": "3", "object_repr": "Rayon sport Vs Apr", "action_flag": 2, "change_message": "[{\"changed\": {\"fields\": [\"event_banner\"]}}]"}}, {"model": "admin.logentry", "pk": 15, "fields": {"action_time": "2019-07-17T14:55:01.943Z", "user": 1, "content_type": 7, "object_id": "5", "object_repr": "Meeting", "action_flag": 1, "change_message": "[{\"added\": {}}]"}}, {"model": "admin.logentry", "pk": 16, "fields": {"action_time": "2019-07-17T15:01:37.858Z", "user": 1, "content_type": 7, "object_id": "4", "object_repr": "Expo", "action_flag": 2, "change_message": "[{\"changed\": {\"fields\": [\"slug\"]}}]"}}, {"model": "admin.logentry", "pk": 17, "fields": {"action_time": "2019-07-17T15:02:38.801Z", "user": 1, "content_type": 7, "object_id": "6", "object_repr": "Others", "action_flag": 1, "change_message": "[{\"added\": {}}]"}}, {"model": "admin.logentry", "pk": 18, "fields": {"action_time": "2019-07-24T19:40:30.272Z", "user": 1, "content_type": 18, "object_id": "1", "object_repr": "Google Api", "action_flag": 1, "change_message": "[{\"added\": {}}]"}}, {"model": "admin.logentry", "pk": 19, "fields": {"action_time": "2019-07-25T15:12:41.207Z", "user": 1, "content_type": 8, "object_id": "6", "object_repr": "Shyuha Festival", "action_flag": 1, "change_message": "[{\"added\": {}}]"}}, {"model": "admin.logentry", "pk": 20, "fields": {"action_time": "2019-07-25T15:30:53.261Z", "user": 1, "content_type": 7, "object_id": "7", "object_repr": "Festival", "action_flag": 1, "change_message": "[{\"added\": {}}]"}}]